ID,y
5760,5.067420482635498
5761,5.067078590393066
5762,4.515915393829346
5763,4.290789604187012
5764,3.835468292236328
5765,3.645073175430298
5766,4.450453281402588
5767,5.6032843589782715
5768,6.155918121337891
5769,5.546497821807861
5770,5.1495771408081055
5771,5.277878761291504
5772,5.452445030212402
5773,5.5288801193237305
5774,5.591756820678711
5775,5.639401435852051
5776,5.63043737411499
5777,5.702826499938965
5778,5.914726257324219
5779,5.571340084075928
5780,5.416553020477295
5781,5.3526506423950195
5782,5.159617900848389
5783,5.028392314910889
5784,5.025765895843506
5785,4.992222785949707
5786,4.654621601104736
5787,4.339996337890625
5788,3.894047737121582
5789,3.910719871520996
5790,4.823875427246094
5791,5.563745498657227
5792,6.2314934730529785
5793,5.66200590133667
5794,5.174404144287109
5795,5.44568395614624
5796,5.561629295349121
5797,5.588099956512451
5798,5.641338348388672
5799,5.716003894805908
5800,5.731457233428955
5801,5.919559478759766
5802,6.170384407043457
5803,5.985522270202637
5804,5.804863929748535
5805,5.791199684143066
5806,5.772470474243164
5807,5.536818027496338
5808,5.81469202041626
5809,5.928021430969238
5810,5.590973854064941
5811,5.191386699676514
5812,4.531075954437256
5813,4.1298065185546875
5814,4.597530364990234
5815,5.11400032043457
5816,5.412558078765869
5817,5.261440277099609
5818,5.338928699493408
5819,5.398561954498291
5820,5.619375228881836
5821,5.755061149597168
5822,5.872193336486816
5823,5.981646537780762
5824,5.856185436248779
5825,6.03329610824585
5826,5.886894226074219
5827,5.584991931915283
5828,5.523695945739746
5829,5.527008533477783
5830,5.518266677856445
5831,5.40448522567749
5832,5.788974285125732
5833,5.8383049964904785
5834,5.269885540008545
5835,4.882098197937012
5836,4.377543926239014
5837,3.9839518070220947
5838,3.749913454055786
5839,4.415685176849365
5840,4.92804479598999
5841,3.1113860607147217
5842,3.4146792888641357
5843,3.45155930519104
5844,3.0151243209838867
5845,3.535801410675049
5846,3.8001656532287598
5847,3.4966933727264404
5848,3.6791467666625977
5849,3.8645498752593994
5850,4.097332000732422
5851,4.44417142868042
5852,4.448256492614746
5853,5.15183687210083
5854,5.020998954772949
5855,4.933679580688477
5856,5.117480278015137
5857,4.726849555969238
5858,4.426844120025635
5859,4.100681304931641
5860,3.8987884521484375
5861,4.210524082183838
5862,4.665371894836426
5863,5.341822147369385
5864,5.751952648162842
5865,5.323636531829834
5866,5.0590362548828125
5867,5.19284200668335
5868,5.317738056182861
5869,5.370261192321777
5870,5.445958137512207
5871,5.421548366546631
5872,5.434125900268555
5873,5.61512565612793
5874,5.738863945007324
5875,5.543716907501221
5876,5.302449703216553
5877,5.258333683013916
5878,5.126720905303955
5879,4.99341344833374
5880,5.02419376373291
5881,4.9061479568481445
5882,4.486948490142822
5883,4.081305503845215
5884,3.68660306930542
5885,3.953064203262329
5886,4.724416255950928
5887,5.4600749015808105
5888,6.0936174392700195
5889,5.657343864440918
5890,5.179089546203613
5891,5.286469459533691
5892,5.352660179138184
5893,5.374694347381592
5894,5.380109786987305
5895,5.380109786987305
5896,5.4475789070129395
5897,5.713271141052246
5898,5.962759017944336
5899,5.676935195922852
5900,5.492544174194336
5901,5.425771713256836
5902,5.32428503036499
5903,5.154491424560547
5904,4.993553161621094
5905,4.9090800285339355
5906,4.571877956390381
5907,4.096795082092285
5908,3.756333112716675
5909,3.789980888366699
5910,4.435678005218506
5911,5.387272357940674
5912,5.985633373260498
5913,5.511066436767578
5914,5.119131565093994
5915,5.232208251953125
5916,5.297764778137207
5917,5.34858512878418
5918,5.395802974700928
5919,5.424571990966797
5920,5.474985122680664
5921,5.656682014465332
5922,5.936050891876221
5923,5.724249362945557
5924,5.538301944732666
5925,5.51470947265625
5926,5.413222789764404
5927,5.2305121421813965
5928,5.019058704376221
5929,5.013256549835205
5930,4.67605447769165
5931,4.266897201538086
5932,3.893655300140381
5933,3.9410314559936523
5934,4.544296741485596
5935,5.488894462585449
5936,6.051693439483643
5937,5.55042839050293
5938,5.201512813568115
5939,5.325167179107666
5940,5.369439125061035
5941,5.455131530761719
5942,5.441749572753906
5943,5.424935817718506
5944,5.424935817718506
5945,5.666028022766113
5946,5.938969135284424
5947,5.667290687561035
5948,5.449812889099121
5949,5.385910511016846
5950,5.248844623565674
5951,5.096115589141846
5952,5.2124714851379395
5953,5.19053840637207
5954,4.839104652404785
5955,4.359669208526611
5956,3.921417713165283
5957,3.963845729827881
5958,4.865333080291748
5959,5.588766574859619
5960,6.268369674682617
5961,5.6732587814331055
5962,5.2164106369018555
5963,5.433253765106201
5964,5.535477161407471
5965,5.591606140136719
5966,5.658187389373779
5967,5.702476501464844
5968,5.740414619445801
5969,5.885287284851074
5970,6.099418640136719
5971,5.70839262008667
5972,5.4056925773620605
5973,5.329073429107666
5974,5.196201324462891
5975,4.898590564727783
5976,5.0315961837768555
5977,5.122296333312988
5978,4.801774024963379
5979,4.458537578582764
5980,3.996558666229248
5981,3.7087628841400146
5982,3.9997706413269043
5983,4.554281234741211
5984,5.182049751281738
5985,5.170094013214111
5986,5.025372505187988
5987,5.177812099456787
5988,5.2815141677856445
5989,5.441373825073242
5990,5.455113410949707
5991,5.598919868469238
5992,5.6110920906066895
5993,5.6947150230407715
5994,4.23464822769165
5995,4.358027458190918
5996,4.340571403503418
5997,4.325130939483643
5998,4.511521816253662
5999,4.502713680267334
6000,4.285707473754883
6001,4.5117692947387695
6002,4.088024616241455
6003,3.3207521438598633
6004,3.33026385307312
6005,2.9591777324676514
6006,3.703202486038208
6007,4.354959011077881
6008,5.085475921630859
6009,5.003781318664551
6010,5.0071234703063965
6011,5.163387775421143
6012,5.469890594482422
6013,5.674478054046631
6014,5.740396022796631
6015,5.74014139175415
6016,5.605289936065674
6017,5.5671539306640625
6018,5.517925262451172
6019,5.298159599304199
6020,5.235907554626465
6021,5.196830749511719
6022,5.086885452270508
6023,5.021914958953857
6024,5.069584846496582
6025,5.194651126861572
6026,4.658494472503662
6027,4.351138591766357
6028,4.238488674163818
6029,3.8331785202026367
6030,3.895375967025757
6031,4.318420886993408
6032,4.993533611297607
6033,5.113704681396484
6034,5.062366485595703
6035,5.4659271240234375
6036,5.900744915008545
6037,5.957937240600586
6038,6.015407562255859
6039,6.057601451873779
6040,5.861832618713379
6041,5.822872161865234
6042,5.652060031890869
6043,5.390601634979248
6044,5.175692558288574
6045,5.201850891113281
6046,5.101950645446777
6047,4.964365482330322
6048,5.189028263092041
6049,4.808833122253418
6050,4.411545276641846
6051,3.962871789932251
6052,3.806192398071289
6053,4.098048686981201
6054,4.869155406951904
6055,5.579195499420166
6056,6.079010009765625
6057,5.725501537322998
6058,5.366931915283203
6059,5.579544544219971
6060,5.869405746459961
6061,5.854454517364502
6062,5.41569185256958
6063,5.587450981140137
6064,5.336465358734131
6065,5.377415657043457
6066,3.6318113803863525
6067,4.004234313964844
6068,4.116725444793701
6069,5.373465061187744
6070,5.17188835144043
6071,5.052042484283447
6072,5.001623153686523
6073,4.8773193359375
6074,4.575550079345703
6075,3.985534429550171
6076,3.728192090988159
6077,3.879453182220459
6078,4.5193095207214355
6079,5.332307815551758
6080,5.9635820388793945
6081,5.348211765289307
6082,4.968362808227539
6083,5.042253017425537
6084,5.080724716186523
6085,5.095293998718262
6086,5.109181880950928
6087,5.1299896240234375
6088,5.157874584197998
6089,5.385011196136475
6090,5.652788162231445
6091,5.4200334548950195
6092,5.2460761070251465
6093,5.20249080657959
6094,5.098686695098877
6095,4.907083511352539
6096,4.680722713470459
6097,4.605195999145508
6098,4.319565296173096
6099,3.8575828075408936
6100,3.570786952972412
6101,3.6488189697265625
6102,4.27443790435791
6103,5.213549613952637
6104,5.841462135314941
6105,5.345612525939941
6106,4.961780071258545
6107,5.055061340332031
6108,5.086153030395508
6109,5.1120781898498535
6110,5.107532978057861
6111,5.123143196105957
6112,5.169713020324707
6113,5.402172565460205
6114,5.621302604675293
6115,5.418251037597656
6116,5.232891082763672
6117,5.238305568695068
6118,5.1386847496032715
6119,4.97183895111084
6120,4.744185924530029
6121,4.65446138381958
6122,4.368830680847168
6123,3.911778450012207
6124,3.581328868865967
6125,3.657536745071411
6126,4.276332855224609
6127,5.215444564819336
6128,5.843357086181641
6129,5.343296051025391
6130,4.962991237640381
6131,5.0476813316345215
6132,5.086153030395508
6133,5.122968673706055
6134,5.1270952224731445
6135,5.137641906738281
6136,5.226452350616455
6137,5.417782783508301
6138,5.621302604675293
6139,5.403120040893555
6140,5.227022647857666
6141,5.180388450622559
6142,5.078901767730713
6143,4.907539367675781
6144,4.680722713470459
6145,4.622747898101807
6146,4.362509727478027
6147,3.8869848251342773
6148,3.599733352661133
6149,3.6940200328826904
6150,4.381293296813965
6151,5.210800647735596
6152,5.922641277313232
6153,5.348211765289307
6154,4.966358184814453
6155,5.031662940979004
6156,5.081490516662598
6157,5.1342573165893555
6158,5.134282112121582
6159,5.141318321228027
6160,5.207314491271973
6161,5.4211626052856445
6162,5.618939399719238
6163,5.415706634521484
6164,5.1871867179870605
6165,5.15181827545166
6166,5.113008975982666
6167,4.850681781768799
6168,4.707496166229248
6169,4.900761604309082
6170,4.696568012237549
6171,4.2387566566467285
6172,3.8862464427948
6173,3.675082206726074
6174,3.9964733123779297
6175,4.540849685668945
6176,5.0681986808776855
6177,4.937633514404297
6178,4.832915782928467
6179,5.006632328033447
6180,5.213991165161133
6181,5.244446277618408
6182,5.331269264221191
6183,5.624042987823486
6184,5.616818904876709
6185,5.528711795806885
6186,5.286529064178467
6187,4.883901119232178
6188,4.780116081237793
6189,4.789314270019531
6190,4.769822120666504
6191,4.649221897125244
6192,4.6967949867248535
6193,4.847538471221924
6194,4.489311218261719
6195,4.0495452880859375
6196,3.7001171112060547
6197,3.3333566188812256
6198,3.4981629848480225
6199,4.152345657348633
6200,4.862171649932861
6201,4.822902679443359
6202,4.809443950653076
6203,5.041816711425781
6204,5.356932163238525
6205,5.393404006958008
6206,5.41709566116333
6207,5.4309868812561035
6208,5.298788547515869
6209,5.289572238922119
6210,5.097083568572998
6211,4.886131286621094
6212,4.844613075256348
6213,4.822525501251221
6214,4.776156902313232
6215,4.6159515380859375
6216,4.623555660247803
6217,4.311306476593018
6218,3.967060089111328
6219,3.528857469558716
6220,3.366384506225586
6221,3.6566200256347656
6222,4.408458232879639
6223,5.124448299407959
6224,5.700133323669434
6225,5.276186943054199
6226,4.9026994705200195
6227,5.086109638214111
6228,5.213543891906738
6229,5.234899044036865
6230,5.215995788574219
6231,5.2313385009765625
6232,5.187495231628418
6233,5.365457534790039
6234,5.68114709854126
6235,5.525001525878906
6236,5.371730327606201
6237,5.334494590759277
6238,5.174251079559326
6239,4.984828948974609
6240,4.7106804847717285
6241,4.665151119232178
6242,4.397788047790527
6243,3.8440451622009277
6244,3.6389148235321045
6245,3.893307685852051
6246,4.547202110290527
6247,5.397510528564453
6248,5.994168758392334
6249,5.504966735839844
6250,5.101755142211914
6251,5.229111671447754
6252,5.448047637939453
6253,5.509363651275635
6254,5.56645393371582
6255,5.584951400756836
6256,5.576404571533203
6257,5.694703102111816
6258,4.031890392303467
6259,4.215073108673096
6260,4.1686553955078125
6261,3.8580069541931152
6262,4.2350921630859375
6263,4.163451194763184
6264,4.986544609069824
6265,5.0024003982543945
6266,4.673917293548584
6267,4.238429069519043
6268,3.9693703651428223
6269,3.9510867595672607
6270,4.7116522789001465
6271,5.50981330871582
6272,6.11219596862793
6273,5.719003200531006
6274,5.278498649597168
6275,5.410138130187988
6276,5.498706817626953
6277,5.529602527618408
6278,5.579113483428955
6279,5.579205513000488
6280,5.6296186447143555
6281,5.898866653442383
6282,6.082396030426025
6283,5.837663650512695
6284,5.573643207550049
6285,5.553380966186523
6286,5.367427825927734
6287,5.163819789886475
6288,4.752843379974365
6289,4.501652240753174
6290,4.271543979644775
6291,4.097279071807861
6292,3.84295916557312
6293,3.6532957553863525
6294,4.266481399536133
6295,5.295907497406006
6296,5.9886040687561035
6297,5.4913649559021
6298,5.367931365966797
6299,5.603645324707031
6300,5.980091571807861
6301,6.009119987487793
6302,6.035958290100098
6303,6.075921058654785
6304,6.136488914489746
6305,6.2997565269470215
6306,6.51347541809082
6307,5.98195743560791
6308,5.6132330894470215
6309,5.603011608123779
6310,5.493611812591553
6311,5.231096267700195
6312,4.798043251037598
6313,4.721747875213623
6314,4.519543170928955
6315,4.322486400604248
6316,4.015634536743164
6317,4.141536712646484
6318,4.765977382659912
6319,5.55990743637085
6320,6.18273401260376
6321,5.689327239990234
6322,5.463872909545898
6323,5.841843605041504
6324,5.993798732757568
6325,6.030376434326172
6326,6.073482990264893
6327,6.066713809967041
6328,6.099512100219727
6329,6.253060817718506
6330,6.449757099151611
6331,6.191749095916748
6332,6.030357360839844
6333,6.005039691925049
6334,5.961092472076416
6335,5.723672866821289
6336,3.9671027660369873
6337,4.2282633781433105
6338,4.1231818199157715
6339,3.120415449142456
6340,3.0597312450408936
6341,3.2147231101989746
6342,4.728766441345215
6343,5.820511817932129
6344,6.303140163421631
6345,5.599654674530029
6346,5.572601795196533
6347,5.7885518074035645
6348,5.872993469238281
6349,5.945070743560791
6350,6.012546062469482
6351,6.05980920791626
6352,6.118484973907471
6353,6.3235764503479
6354,6.572525501251221
6355,6.282605171203613
6356,6.01702356338501
6357,5.93207311630249
6358,5.851693153381348
6359,5.657703876495361
6360,5.550632476806641
6361,5.38124418258667
6362,5.314582347869873
6363,5.103992462158203
6364,4.3535261154174805
6365,3.883697986602783
6366,4.343751430511475
6367,5.102258682250977
6368,5.540602684020996
6369,5.534548282623291
6370,5.421113967895508
6371,5.894299507141113
6372,6.0239481925964355
6373,6.129704475402832
6374,6.260456562042236
6375,6.367521286010742
6376,6.355734348297119
6377,6.395289897918701
6378,6.221418380737305
6379,5.843136787414551
6380,5.515654563903809
6381,5.484119415283203
6382,5.284045696258545
6383,5.095935821533203
6384,4.943963527679443
6385,4.872185230255127
6386,4.521994113922119
6387,4.268208026885986
6388,4.100470066070557
6389,3.776348114013672
6390,3.9863531589508057
6391,4.55257511138916
6392,5.110504627227783
6393,5.285343647003174
6394,5.607790470123291
6395,5.959496021270752
6396,6.095136642456055
6397,6.1782941818237305
6398,6.3460917472839355
6399,6.372595310211182
6400,6.240358352661133
6401,6.32258415222168
6402,6.1920485496521
6403,5.735128879547119
6404,5.403188705444336
6405,5.23677396774292
6406,5.12994909286499
6407,5.004219055175781
6408,5.045040607452393
6409,4.535916328430176
6410,4.096515655517578
6411,3.8605189323425293
6412,3.6294844150543213
6413,3.7986536026000977
6414,4.717530727386475
6415,5.500383377075195
6416,6.0286407470703125
6417,5.733796119689941
6418,5.586485385894775
6419,5.903678894042969
6420,6.149778842926025
6421,6.205445289611816
6422,6.607906818389893
6423,6.6036834716796875
6424,6.598326206207275
6425,6.588672161102295
6426,6.709967136383057
6427,6.430558204650879
6428,6.093499660491943
6429,6.064572811126709
6430,5.928985118865967
6431,5.7115349769592285
6432,5.229006767272949
6433,5.145907402038574
6434,4.788211822509766
6435,4.400950908660889
6436,4.174804210662842
6437,4.448365688323975
6438,5.155033111572266
6439,5.888513565063477
6440,6.632261753082275
6441,6.035393238067627
6442,5.76613187789917
6443,5.88417387008667
6444,5.995068550109863
6445,6.064060211181641
6446,6.114531993865967
6447,6.195520401000977
6448,6.225686550140381
6449,6.376011371612549
6450,6.645134449005127
6451,6.559375762939453
6452,6.357330799102783
6453,6.32379674911499
6454,6.258617877960205
6455,6.0392303466796875
6456,5.684413433074951
6457,5.420391082763672
6458,5.131968975067139
6459,4.881078243255615
6460,4.543579578399658
6461,4.6922736167907715
6462,5.6621599197387695
6463,6.29403829574585
6464,6.720711708068848
6465,6.2057037353515625
6466,6.02866268157959
6467,6.084161281585693
6468,6.184144020080566
6469,6.013608455657959
6470,5.765553951263428
6471,4.197324752807617
6472,4.500367641448975
6473,4.3159284591674805
6474,3.8146276473999023
6475,4.3268842697143555
6476,4.290004253387451
6477,3.9357776641845703
6478,4.324172019958496
6479,4.310499668121338
6480,5.273499488830566
6481,5.169035911560059
6482,4.8885498046875
6483,4.527784824371338
6484,4.24254035949707
6485,4.3345160484313965
6486,5.141079425811768
6487,6.200840473175049
6488,6.6786932945251465
6489,6.304764747619629
6490,6.1246657371521
6491,6.451442718505859
6492,6.422196865081787
6493,6.133670806884766
6494,5.644115924835205
6495,4.516897201538086
6496,4.775115966796875
6497,4.818353176116943
6498,6.371573448181152
6499,5.943577766418457
6500,5.743797302246094
6501,4.430141448974609
6502,4.767502307891846
6503,4.679764270782471
6504,5.167678356170654
6505,5.042668342590332
6506,4.726480484008789
6507,4.387460231781006
6508,3.9875380992889404
6509,4.1025872230529785
6510,4.940279483795166
6511,6.005791187286377
6512,6.4441094398498535
6513,6.16282320022583
6514,6.163509368896484
6515,6.446616172790527
6516,6.484351634979248
6517,6.68682336807251
6518,6.729974746704102
6519,6.717607021331787
6520,6.792587757110596
6521,6.86851692199707
6522,6.930816650390625
6523,6.6212897300720215
6524,6.4051055908203125
6525,6.306593894958496
6526,6.191662788391113
6527,5.924631595611572
6528,5.55369234085083
6529,5.414980888366699
6530,5.052749156951904
6531,4.63102388381958
6532,4.245640754699707
6533,4.375255107879639
6534,5.341632843017578
6535,6.225051403045654
6536,6.746727466583252
6537,6.189733028411865
6538,6.14856481552124
6539,6.441871166229248
6540,6.568811893463135
6541,6.5561323165893555
6542,6.595844745635986
6543,6.65195894241333
6544,6.961355686187744
6545,6.903563022613525
6546,6.936088562011719
6547,6.6925859451293945
6548,6.548715114593506
6549,6.223388671875
6550,6.12052583694458
6551,6.147294044494629
6552,5.641419410705566
6553,5.666171550750732
6554,5.472246170043945
6555,5.252357006072998
6556,4.792244911193848
6557,4.453080654144287
6558,5.3215508460998535
6559,5.870255947113037
6560,6.216646194458008
6561,6.23477029800415
6562,6.387661933898926
6563,6.481816291809082
6564,6.478853702545166
6565,6.68302059173584
6566,6.423906326293945
6567,6.587865829467773
6568,6.695443153381348
6569,6.605363368988037
6570,6.517748832702637
6571,5.919912338256836
6572,5.942829608917236
6573,5.868368148803711
6574,5.8596720695495605
6575,5.553361415863037
6576,5.561797618865967
6577,5.721776008605957
6578,5.264063358306885
6579,4.869517803192139
6580,4.619532585144043
6581,4.167705059051514
6582,4.464735507965088
6583,5.194168567657471
6584,5.563152313232422
6585,5.62476921081543
6586,5.977040767669678
6587,6.391345024108887
6588,6.699750900268555
6589,6.722373008728027
6590,6.694338798522949
6591,6.9244890213012695
6592,6.788272857666016
6593,6.86723518371582
6594,6.905536651611328
6595,6.232964038848877
6596,5.869137763977051
6597,5.915215969085693
6598,5.5861310958862305
6599,5.546452522277832
6600,5.602220058441162
6601,5.14955997467041
6602,4.530271053314209
6603,4.45046854019165
6604,4.195401191711426
6605,4.6118998527526855
6606,5.855036735534668
6607,6.477923393249512
6608,6.701714515686035
6609,6.368684768676758
6610,6.447930335998535
6611,6.437800407409668
6612,6.685729026794434
6613,6.693321228027344
6614,6.737471103668213
6615,6.744212627410889
6616,6.95967435836792
6617,7.2918524742126465
6618,7.4330949783325195
6619,7.367552757263184
6620,7.169771671295166
6621,6.735132217407227
6622,6.614654541015625
6623,6.4168853759765625
6624,6.387198448181152
6625,5.775635719299316
6626,5.345328330993652
6627,5.017090320587158
6628,4.688177585601807
6629,4.917396545410156
6630,6.042117595672607
6631,6.765565872192383
6632,7.28574275970459
6633,6.790176868438721
6634,6.609617710113525
6635,6.687471866607666
6636,6.829695701599121
6637,6.96666145324707
6638,6.899450302124023
6639,6.945405960083008
6640,7.035217761993408
6641,7.221871852874756
6642,7.532067775726318
6643,7.203612804412842
6644,6.932130336761475
6645,6.882913112640381
6646,6.843865394592285
6647,6.692531585693359
6648,6.4465413093566895
6649,6.05468225479126
6650,5.603442668914795
6651,5.3697004318237305
6652,5.045791149139404
6653,5.168309688568115
6654,6.071663856506348
6655,6.868658065795898
6656,7.39697265625
6657,6.838831901550293
6658,6.683736324310303
6659,6.716270923614502
6660,6.844945430755615
6661,6.814953804016113
6662,6.945852279663086
6663,6.979693412780762
6664,7.1503095626831055
6665,7.394534111022949
6666,7.545688152313232
6667,7.1590070724487305
6668,7.0545854568481445
6669,6.833743095397949
6670,6.80033016204834
6671,6.607047080993652
6672,6.1183977127075195
6673,5.6924848556518555
6674,5.2812604904174805
6675,4.926534652709961
6676,4.6281843185424805
6677,4.731672286987305
6678,5.930154800415039
6679,6.601635456085205
6680,6.953037738800049
6681,6.402597904205322
6682,6.379183292388916
6683,6.479280948638916
6684,6.828795909881592
6685,6.982072830200195
6686,6.954038619995117
6687,6.987879753112793
6688,7.165559768676758
6689,7.28628396987915
6690,7.583268165588379
6691,7.299099922180176
6692,7.186217308044434
6693,7.124362468719482
6694,6.937009334564209
6695,6.679286479949951
6696,6.327225685119629
6697,6.016822338104248
6698,5.540830135345459
6699,5.32141637802124
6700,4.9517717361450195
6701,5.074506759643555
6702,6.305243492126465
6703,6.874323844909668
6704,7.208320617675781
6705,6.734921455383301
6706,6.557075023651123
6707,6.829695224761963
6708,6.950108528137207
6709,6.968419075012207
6710,6.968419075012207
6711,7.0342559814453125
6712,7.206510066986084
6713,7.379488468170166
6714,7.503148078918457
6715,7.162120819091797
6716,7.026201248168945
6717,6.820711612701416
6718,6.738485813140869
6719,6.615201473236084
6720,6.36133337020874
6721,6.1283345222473145
6722,5.700113296508789
6723,5.516834735870361
6724,5.008346080780029
6725,4.769598484039307
6726,5.537151336669922
6727,6.0822296142578125
6728,6.422928810119629
6729,6.301631450653076
6730,6.455339431762695
6731,6.685736656188965
6732,6.870134353637695
6733,7.0941925048828125
6734,7.088045597076416
6735,7.2832818031311035
6736,7.273187637329102
6737,7.35645055770874
6738,7.339195251464844
6739,7.200876712799072
6740,7.007778167724609
6741,6.842684745788574
6742,6.627662181854248
6743,6.4305806159973145
6744,6.38980770111084
6745,6.1102681159973145
6746,5.7305216789245605
6747,5.4402055740356445
6748,4.921825885772705
6749,4.6372480392456055
6750,5.359050273895264
6751,5.900292873382568
6752,6.322135925292969
6753,6.535878658294678
6754,6.68041467666626
6755,6.847467422485352
6756,6.951678276062012
6757,7.186083793640137
6758,7.22321891784668
6759,7.278646469116211
6760,7.485691070556641
6761,7.5037150382995605
6762,7.593120098114014
6763,7.454229354858398
6764,7.21634578704834
6765,7.232342720031738
6766,7.141315460205078
6767,6.666109085083008
6768,6.349814414978027
6769,5.9922990798950195
6770,5.609769344329834
6771,5.316394805908203
6772,4.843652725219727
6773,4.575021743774414
6774,5.109829425811768
6775,5.666227340698242
6776,6.36094331741333
6777,6.484588623046875
6778,5.547265529632568
6779,6.0242509841918945
6780,6.152325630187988
6781,7.1258721351623535
6782,7.174262046813965
6783,6.060576438903809
6784,6.213993549346924
6785,5.726629257202148
6786,4.821784973144531
6787,4.919957160949707
6788,4.879871845245361
6789,4.017340660095215
6790,3.1158602237701416
6791,2.6089556217193604
6792,2.4608752727508545
6793,3.8323097229003906
6794,2.3520069122314453
6795,2.705012321472168
6796,2.316225290298462
6797,2.444214344024658
6798,2.5218868255615234
6799,2.9016623497009277
6800,3.3933401107788086
6801,3.1648755073547363
6802,2.9992687702178955
6803,2.9669363498687744
6804,2.900529623031616
6805,2.9374096393585205
6806,2.8719124794006348
6807,3.0318210124969482
6808,3.051204204559326
6809,2.991788625717163
6810,3.571378231048584
6811,3.217711925506592
6812,3.259260654449463
6813,3.3309061527252197
6814,4.01752233505249
6815,4.60969877243042
6816,6.309920310974121
6817,5.943122863769531
6818,4.708982467651367
6819,3.025932550430298
6820,2.648394823074341
6821,3.0235772132873535
6822,4.1708245277404785
6823,6.714428901672363
6824,6.943465709686279
6825,6.635244846343994
6826,6.56979513168335
6827,6.623047351837158
6828,6.639533042907715
6829,6.661948204040527
6830,6.6946539878845215
6831,6.729780673980713
6832,6.8856000900268555
6833,7.300368785858154
6834,7.444820404052734
6835,7.310357093811035
6836,6.9848175048828125
6837,6.74824857711792
6838,6.846439838409424
6839,6.575748443603516
6840,6.253656387329102
6841,5.7854838371276855
6842,5.353960990905762
6843,5.067416667938232
6844,4.644765853881836
6845,4.794739723205566
6846,5.769955158233643
6847,6.675130844116211
6848,6.880543231964111
6849,6.539687633514404
6850,6.498729228973389
6851,6.793617248535156
6852,6.953858852386475
6853,6.940340995788574
6854,6.880842685699463
6855,6.926798343658447
6856,7.136044979095459
6857,7.385517597198486
6858,7.6084184646606445
6859,7.273139953613281
6860,7.1042375564575195
6861,7.0004563331604
6862,6.967043399810791
6863,6.619851112365723
6864,6.102366924285889
6865,5.666243553161621
6866,5.122785568237305
6867,4.948814392089844
6868,4.53196907043457
6869,4.6638288497924805
6870,5.830880165100098
6871,6.444103240966797
6872,6.834669589996338
6873,6.415006160736084
6874,6.4186553955078125
6875,6.699172019958496
6876,6.895748138427734
6877,6.941909313201904
6878,7.030548572540283
6879,7.103521347045898
6880,7.3072357177734375
6881,7.423414707183838
6882,7.564873218536377
6883,7.260799884796143
6884,7.0450663566589355
6885,6.75507926940918
6886,6.698502063751221
6887,6.496481895446777
6888,6.183047294616699
6889,5.858661651611328
6890,5.405169486999512
6891,5.253681659698486
6892,4.919234752655029
6893,5.034307479858398
6894,6.1493449211120605
6895,6.751182556152344
6896,6.9826741218566895
6897,6.615866661071777
6898,6.467810153961182
6899,6.667758464813232
6900,6.808688640594482
6901,6.920452117919922
6902,6.952718734741211
6903,7.000845909118652
6904,7.2413177490234375
6905,7.398708343505859
6906,7.529629230499268
6907,7.252331256866455
6908,7.216710090637207
6909,7.020718097686768
6910,6.909541130065918
6911,6.577383041381836
6912,6.42768669128418
6913,6.166660308837891
6914,5.611786365509033
6915,5.417405605316162
6916,4.8825225830078125
6917,4.503923416137695
6918,5.21995735168457
6919,5.828201770782471
6920,6.332269191741943
6921,6.278721332550049
6922,6.586669921875
6923,6.821928977966309
6924,6.898932456970215
6925,7.1074910163879395
6926,7.202258110046387
6927,7.283075332641602
6928,7.490120887756348
6929,7.419808864593506
6930,7.475133895874023
6931,7.221764087677002
6932,7.028886795043945
6933,6.805581569671631
6934,6.684427261352539
6935,6.284626483917236
6936,6.224284648895264
6937,5.926345348358154
6938,5.495871543884277
6939,5.260490894317627
6940,4.764260768890381
6941,4.491580009460449
6942,4.673784255981445
6943,5.413631439208984
6944,6.313544750213623
6945,6.347147464752197
6946,6.586179256439209
6947,6.758197784423828
6948,6.840324401855469
6949,7.0529069900512695
6950,7.104609966278076
6951,7.138451099395752
6952,7.277668476104736
6953,7.323598861694336
6954,7.274402618408203
6955,7.054053783416748
6956,6.931007385253906
6957,6.7184014320373535
6958,6.684988498687744
6959,6.356134414672852
6960,6.258958339691162
6961,5.6446027755737305
6962,5.236806392669678
6963,5.043390274047852
6964,4.699861526489258
6965,4.879338264465332
6966,5.67222785949707
6967,6.36809778213501
6968,6.787010192871094
6969,6.800451278686523
6970,6.666669845581055
6971,6.781627178192139
6972,6.942417144775391
6973,6.982268810272217
6974,6.946836948394775
6975,6.99279260635376
6976,7.131460189819336
6977,7.129242420196533
6978,7.447092056274414
6979,7.251238822937012
6980,7.0643768310546875
6981,6.944340705871582
6982,6.9086222648620605
6983,6.682289123535156
6984,6.630611896514893
6985,5.922528266906738
6986,5.696246147155762
6987,5.221099376678467
6988,4.86017370223999
6989,5.1092729568481445
6990,5.961179733276367
6991,6.858086585998535
6992,7.272209644317627
6993,7.207252502441406
6994,6.963123321533203
6995,7.069282054901123
6996,7.151358604431152
6997,7.182866096496582
6998,7.190466403961182
6999,7.219224452972412
7000,7.362157821655273
7001,7.523542881011963
7002,7.941644668579102
7003,7.568701267242432
7004,7.453597068786621
7005,7.481308460235596
7006,7.365665435791016
7007,6.970767974853516
7008,6.7021164894104
7009,6.122100353240967
7010,5.868492603302002
7011,5.432316780090332
7012,5.112645149230957
7013,5.290708065032959
7014,6.265871524810791
7015,7.251246452331543
7016,7.68353796005249
7017,7.230851173400879
7018,6.836249351501465
7019,6.936415672302246
7020,7.085063457489014
7021,7.137608528137207
7022,7.130828380584717
7023,6.571547985076904
7024,6.406781196594238
7025,6.178352355957031
7026,4.844905376434326
7027,4.580768585205078
7028,5.493221759796143
7029,5.667027950286865
7030,5.41499137878418
7031,3.493380069732666
7032,3.375934600830078
7033,3.130660057067871
7034,3.070467710494995
7035,3.360142707824707
7036,3.5992271900177
7037,4.6356329917907715
7038,6.029234886169434
7039,6.948117256164551
7040,7.364900588989258
7041,6.923288822174072
7042,6.787110805511475
7043,6.961348533630371
7044,7.121896266937256
7045,7.119835376739502
7046,7.139626979827881
7047,7.241337299346924
7048,7.394184112548828
7049,7.63493013381958
7050,8.028285026550293
7051,7.6466264724731445
7052,7.3830718994140625
7053,7.319276809692383
7054,7.27730131149292
7055,6.989426136016846
7056,6.474515914916992
7057,6.05759859085083
7058,5.8094964027404785
7059,5.407728672027588
7060,4.978343963623047
7061,5.05654239654541
7062,6.060978412628174
7063,6.997516632080078
7064,7.426123142242432
7065,7.0997748374938965
7066,6.834394454956055
7067,6.950371742248535
7068,7.107341766357422
7069,7.132840156555176
7070,7.145434379577637
7071,7.270688056945801
7072,7.423534870147705
7073,7.609035491943359
7074,7.995579242706299
7075,7.757332801818848
7076,7.606240749359131
7077,7.53446102142334
7078,7.452981948852539
7079,7.094289302825928
7080,6.7735443115234375
7081,6.405767440795898
7082,6.0184454917907715
7083,5.570169448852539
7084,5.147041320800781
7085,5.312962055206299
7086,6.33538818359375
7087,7.128028392791748
7088,7.666305065155029
7089,7.189419269561768
7090,6.830985069274902
7091,6.93408203125
7092,7.0763373374938965
7093,7.118763446807861
7094,7.126394748687744
7095,7.22466516494751
7096,7.441433429718018
7097,7.680502891540527
7098,8.00314998626709
7099,7.7961835861206055
7100,7.589052200317383
7101,7.501924991607666
7102,7.40864372253418
7103,7.07212495803833
7104,6.829267501831055
7105,6.547767162322998
7106,6.330770015716553
7107,5.918285369873047
7108,5.361489295959473
7109,4.963252544403076
7110,5.399951457977295
7111,6.035660266876221
7112,6.893011569976807
7113,6.882709980010986
7114,6.936253070831299
7115,7.046865940093994
7116,7.097424030303955
7117,7.327033042907715
7118,7.336455345153809
7119,7.404029846191406
7120,7.527853488922119
7121,7.641916275024414
7122,7.695237159729004
7123,7.640063285827637
7124,7.557498455047607
7125,7.5301361083984375
7126,7.460018634796143
7127,7.128764629364014
7128,6.645075798034668
7129,6.527899742126465
7130,6.220274925231934
7131,5.835567474365234
7132,5.427835464477539
7133,5.09161376953125
7134,5.566379547119141
7135,5.954452991485596
7136,6.726524829864502
7137,6.780876159667969
7138,6.829218864440918
7139,6.9834136962890625
7140,7.236411094665527
7141,7.422163486480713
7142,7.4640212059021
7143,7.5690460205078125
7144,7.702873706817627
7145,7.754844665527344
7146,7.790383338928223
7147,7.686886310577393
7148,7.661872863769531
7149,7.555106163024902
7150,7.400668621063232
7151,7.068419933319092
7152,6.654347896575928
7153,5.9619269371032715
7154,5.789113521575928
7155,5.403357982635498
7156,5.186342716217041
7157,5.287770748138428
7158,6.11474084854126
7159,6.941880702972412
7160,7.50222635269165
7161,7.210483551025391
7162,6.974885940551758
7163,7.122656345367432
7164,7.160735130310059
7165,7.172789096832275
7166,7.089444637298584
7167,7.237152576446533
7168,7.376858234405518
7169,7.570601463317871
7170,7.891117095947266
7171,7.797461032867432
7172,7.692718029022217
7173,7.676509857177734
7174,7.543716907501221
7175,7.177457332611084
7176,6.890417575836182
7177,6.5429792404174805
7178,6.225327491760254
7179,5.727637767791748
7180,5.461561679840088
7181,5.730607032775879
7182,6.4041242599487305
7183,7.166557312011719
7184,7.634134292602539
7185,7.143958568572998
7186,6.791802883148193
7187,6.914547443389893
7188,7.005733966827393
7189,7.134952545166016
7190,7.156858444213867
7191,7.2389936447143555
7192,7.330132007598877
7193,7.634313106536865
7194,7.970329284667969
7195,7.752689838409424
7196,5.921407222747803
7197,5.907093524932861
7198,6.375513553619385
7199,6.57280969619751
7200,7.004851818084717
7201,6.610929489135742
7202,6.263140678405762
7203,5.884426593780518
7204,5.410153865814209
7205,5.524333953857422
7206,6.401733875274658
7207,6.9193243980407715
7208,7.5088958740234375
7209,6.987551689147949
7210,6.64263391494751
7211,6.809192180633545
7212,7.0061421394348145
7213,7.143856525421143
7214,7.163987636566162
7215,7.309274673461914
7216,7.461243629455566
7217,7.6463494300842285
7218,8.014800071716309
7219,7.746687889099121
7220,7.418361663818359
7221,7.394391059875488
7222,7.309793949127197
7223,6.914374828338623
7224,6.58033561706543
7225,6.126350402832031
7226,5.979874134063721
7227,5.5520806312561035
7228,5.163926601409912
7229,5.254737854003906
7230,6.3674397468566895
7231,7.062047004699707
7232,7.612110137939453
7233,7.120266437530518
7234,6.7930731773376465
7235,6.923142433166504
7236,7.107720851898193
7237,7.147863864898682
7238,7.120101451873779
7239,7.220069408416748
7240,7.363086700439453
7241,7.606653213500977
7242,8.002060890197754
7243,7.828408718109131
7244,7.704541206359863
7245,7.666891098022461
7246,7.54170560836792
7247,7.1698408126831055
7248,6.935458183288574
7249,6.600902557373047
7250,6.2455620765686035
7251,5.879092693328857
7252,5.404061794281006
7253,5.55529260635376
7254,6.400177478790283
7255,7.192078590393066
7256,7.602735996246338
7257,7.195220947265625
7258,6.942626953125
7259,7.0255303382873535
7260,7.1136794090271
7261,7.064283847808838
7262,7.092416763305664
7263,7.163067817687988
7264,7.344533920288086
7265,7.616336345672607
7266,8.049095153808594
7267,7.8682661056518555
7268,7.815470218658447
7269,7.731790065765381
7270,7.64011287689209
7271,7.203550338745117
7272,6.968803405761719
7273,6.734027862548828
7274,6.3798828125
7275,5.96169900894165
7276,5.570488452911377
7277,5.643864154815674
7278,6.510585308074951
7279,7.132401943206787
7280,7.655871391296387
7281,7.227352619171143
7282,6.862202167510986
7283,6.881752967834473
7284,6.926877021789551
7285,6.938089370727539
7286,6.788514614105225
7287,6.891267776489258
7288,7.222456932067871
7289,7.6813154220581055
7290,7.994602680206299
7291,7.854024887084961
7292,7.705258369445801
7293,7.695756912231445
7294,7.579705715179443
7295,7.159251689910889
7296,6.969818592071533
7297,6.875049591064453
7298,6.552587985992432
7299,6.260238170623779
7300,5.875067710876465
7301,5.680546283721924
7302,6.0197930335998535
7303,6.4590301513671875
7304,6.921013832092285
7305,6.8920698165893555
7306,6.908059597015381
7307,6.977075099945068
7308,7.036497116088867
7309,7.305621147155762
7310,7.296597480773926
7311,7.381107807159424
7312,7.514331340789795
7313,7.576609134674072
7314,7.652156352996826
7315,7.6211323738098145
7316,7.607124328613281
7317,7.609359264373779
7318,7.458244800567627
7319,7.139214038848877
7320,6.792562484741211
7321,6.699959754943848
7322,6.337106704711914
7323,5.693969249725342
7324,5.409581661224365
7325,5.172306060791016
7326,5.43358039855957
7327,5.856287956237793
7328,6.547550201416016
7329,6.567814826965332
7330,6.783963203430176
7331,6.873808860778809
7332,7.125752925872803
7333,7.094067096710205
7334,6.957209587097168
7335,6.991056442260742
7336,7.339199066162109
7337,7.581643104553223
7338,7.7025275230407715
7339,7.73067569732666
7340,7.681159973144531
7341,7.674827575683594
7342,7.519622325897217
7343,7.126424312591553
7344,6.804893493652344
7345,6.320827007293701
7346,6.0004425048828125
7347,5.641836643218994
7348,5.370297431945801
7349,5.678205966949463
7350,6.384126663208008
7351,7.123245716094971
7352,7.490753173828125
7353,7.160336017608643
7354,6.875368118286133
7355,6.987853527069092
7356,7.0514020919799805
7357,6.834136486053467
7358,6.824120044708252
7359,6.816411972045898
7360,7.125555992126465
7361,7.525685787200928
7362,7.884797096252441
7363,7.786410331726074
7364,7.719897747039795
7365,7.7994489669799805
7366,7.670320510864258
7367,7.260136127471924
7368,6.92863655090332
7369,6.592092990875244
7370,6.227110385894775
7371,5.909604072570801
7372,5.609185695648193
7373,5.820506572723389
7374,5.661283493041992
7375,5.50560998916626
7376,4.71228551864624
7377,3.944985866546631
7378,3.8766536712646484
7379,3.8766536712646484
7380,3.8766536712646484
7381,3.8766536712646484
7382,3.9145090579986572
7383,3.9401626586914062
7384,4.160068035125732
7385,4.216331481933594
7386,4.554886817932129
7387,4.911679744720459
7388,4.822719573974609
7389,4.769263744354248
7390,4.966871738433838
7391,5.777611255645752
7392,6.358464241027832
7393,5.410684585571289
7394,5.045485973358154
7395,5.325949668884277
7396,4.752103328704834
7397,5.098683834075928
7398,5.469961166381836
7399,6.362376689910889
7400,6.648977279663086
7401,6.1918816566467285
7402,6.559906005859375
7403,6.857319355010986
7404,6.963816165924072
7405,7.1632981300354
7406,7.011918544769287
7407,7.256435871124268
7408,7.294635772705078
7409,7.729434490203857
7410,7.983558177947998
7411,7.8036789894104
7412,7.730315208435059
7413,7.739557266235352
7414,7.537378311157227
7415,7.150254249572754
7416,6.940404415130615
7417,6.64594841003418
7418,6.250197410583496
7419,5.866628646850586
7420,5.381772041320801
7421,5.379815101623535
7422,5.7779011726379395
7423,7.033857345581055
7424,7.499176025390625
7425,7.1709442138671875
7426,6.908269882202148
7427,6.962401390075684
7428,6.988641262054443
7429,7.040862560272217
7430,6.896778583526611
7431,6.956509590148926
7432,7.174398899078369
7433,4.974214553833008
7434,4.0925703048706055
7435,4.325706481933594
7436,4.37605619430542
7437,6.473637580871582
7438,6.510565757751465
7439,6.094590663909912
7440,6.190179347991943
7441,5.424744606018066
7442,5.028741836547852
7443,5.211664199829102
7444,4.977436065673828
7445,4.420262813568115
7446,4.175186634063721
7447,4.866318702697754
7448,5.067930221557617
7449,6.976102352142334
7450,6.901305675506592
7451,6.889256954193115
7452,7.0254740715026855
7453,7.105513095855713
7454,7.181569576263428
7455,7.237391471862793
7456,7.483198642730713
7457,7.752407073974609
7458,8.055344581604004
7459,7.871603965759277
7460,7.743895530700684
7461,7.67114782333374
7462,7.45352840423584
7463,7.176517486572266
7464,7.0974040031433105
7465,6.844602584838867
7466,6.551873207092285
7467,6.170828819274902
7468,5.654321670532227
7469,5.546730995178223
7470,5.377017021179199
7471,5.859978199005127
7472,6.718982696533203
7473,6.64751672744751
7474,6.663483142852783
7475,6.7604498863220215
7476,4.0052266120910645
7477,4.820891857147217
7478,6.31278657913208
7479,6.587571620941162
7480,7.437990188598633
7481,7.4781904220581055
7482,6.52938175201416
7483,3.748013496398926
7484,5.710254669189453
7485,6.574376583099365
7486,6.94730806350708
7487,6.0177764892578125
7488,6.910228729248047
7489,6.84293794631958
7490,6.514701843261719
7491,6.159796237945557
7492,5.812326908111572
7493,5.665677547454834
7494,5.953762054443359
7495,6.379772663116455
7496,6.801032066345215
7497,6.561490535736084
7498,6.454514503479004
7499,6.507691383361816
7500,6.565725326538086
7501,6.696443557739258
7502,6.728224277496338
7503,6.753992080688477
7504,6.952609539031982
7505,7.145144462585449
7506,7.2974042892456055
7507,7.181788921356201
7508,7.334275722503662
7509,7.405031681060791
7510,7.3295369148254395
7511,7.0947465896606445
7512,6.759974002838135
7513,6.594480037689209
7514,6.279492378234863
7515,5.903966426849365
7516,5.559317588806152
7517,5.1951799392700195
7518,5.495547294616699
7519,5.84477424621582
7520,6.626434803009033
7521,6.367856979370117
7522,6.362682819366455
7523,6.48341703414917
7524,6.589611530303955
7525,6.764222145080566
7526,6.808731555938721
7527,6.7884674072265625
7528,7.041478633880615
7529,7.2713751792907715
7530,7.34532356262207
7531,7.215307712554932
7532,7.2046284675598145
7533,7.341630458831787
7534,7.268864154815674
7535,7.041215419769287
7536,6.774760723114014
7537,6.32810115814209
7538,6.014904499053955
7539,5.622401714324951
7540,5.366502285003662
7541,5.62041711807251
7542,6.302439212799072
7543,6.886958599090576
7544,7.162897109985352
7545,6.717715263366699
7546,6.461055278778076
7547,6.505126476287842
7548,6.525019645690918
7549,6.544010639190674
7550,6.5207953453063965
7551,6.515429973602295
7552,6.7475666999816895
7553,7.1311211585998535
7554,7.553160190582275
7555,7.512423515319824
7556,7.522821426391602
7557,7.615776538848877
7558,7.4803595542907715
7559,7.126462936401367
7560,6.888678550720215
7561,6.540856838226318
7562,6.183587074279785
7563,5.7823896408081055
7564,5.454954624176025
7565,5.695721626281738
7566,6.3581223487854
7567,7.057519435882568
7568,7.370586395263672
7569,6.678703308105469
7570,6.474847316741943
7571,6.509466648101807
7572,6.536771297454834
7573,6.490636348724365
7574,6.547353267669678
7575,6.557450771331787
7576,6.817573070526123
7577,7.199148178100586
7578,7.70529317855835
7579,7.580350875854492
7580,7.614343166351318
7581,7.611053943634033
7582,7.472043037414551
7583,7.084409713745117
7584,6.8867387771606445
7585,6.619847774505615
7586,6.285436630249023
7587,5.919278144836426
7588,5.573996543884277
7589,5.6119384765625
7590,6.376932621002197
7591,7.020066738128662
7592,7.422826290130615
7593,6.833032131195068
7594,6.55373477935791
7595,6.579083442687988
7596,6.621026515960693
7597,6.602035045623779
7598,6.599391460418701
7599,6.574558734893799
7600,6.8021697998046875
7601,7.204489707946777
7602,7.887321949005127
7603,7.646599292755127
7604,7.592743873596191
7605,7.574833393096924
7606,7.473180770874023
7607,7.039511680603027
7608,6.806216716766357
7609,6.498363018035889
7610,6.109436511993408
7611,5.782095909118652
7612,5.512712478637695
7613,5.591320037841797
7614,6.4430251121521
7615,7.129965782165527
7616,7.543214797973633
7617,6.95919132232666
7618,6.70372200012207
7619,6.621590614318848
7620,6.601856708526611
7621,6.588464260101318
7622,6.542714595794678
7623,6.539336681365967
7624,6.783830165863037
7625,7.2241129875183105
7626,7.628480434417725
7627,7.587827205657959
7628,7.597102165222168
7629,7.559675216674805
7630,7.442073345184326
7631,7.054184436798096
7632,6.866097450256348
7633,6.632936477661133
7634,6.266608715057373
7635,5.848461627960205
7636,5.524487018585205
7637,5.683045864105225
7638,6.308466911315918
7639,7.087827682495117
7640,7.471686840057373
7641,6.919039249420166
7642,6.489376068115234
7643,6.521097660064697
7644,6.562821865081787
7645,6.534752368927002
7646,6.545130729675293
7647,6.559689521789551
7648,6.8384785652160645
7649,7.224181652069092
7650,7.6519999504089355
7651,7.645893573760986
7652,7.446666240692139
7653,7.450329780578613
7654,7.357300758361816
7655,7.063581466674805
7656,6.935020923614502
7657,6.867730140686035
7658,6.485313415527344
7659,6.130992412567139
7660,5.763902187347412
7661,5.608643054962158
7662,5.9020233154296875
7663,6.353105545043945
7664,6.75027322769165
7665,6.516229152679443
7666,6.436862468719482
7667,6.463205337524414
7668,6.5181145668029785
7669,6.6487956047058105
7670,6.146803379058838
7671,5.2607316970825195
7672,6.495363712310791
7673,6.587377071380615
7674,7.405120372772217
7675,7.369895935058594
7676,7.324954509735107
7677,7.347047805786133
7678,7.276881217956543
7679,7.032617568969727
7680,6.649147033691406
7681,6.55467414855957
7682,6.265904426574707
7683,5.918812274932861
7684,5.614508628845215
7685,5.260807037353516
7686,5.540666580200195
7687,5.881917476654053
7688,6.590176582336426
7689,6.408813953399658
7690,6.393607139587402
7691,6.514341354370117
7692,6.584985256195068
7693,6.7261481285095215
7694,6.721748352050781
7695,6.763055324554443
7696,7.049771785736084
7697,7.298879146575928
7698,7.362502574920654
7699,7.265823841094971
7700,7.3103132247924805
7701,7.439303398132324
7702,7.358567714691162
7703,7.09852409362793
7704,6.803951263427734
7705,6.3572916984558105
7706,5.993190288543701
7707,5.581673622131348
7708,5.362173557281494
7709,5.64784049987793
7710,6.3998494148254395
7711,6.984368801116943
7712,7.281074047088623
7713,6.818944454193115
7714,6.479092121124268
7715,6.524450302124023
7716,6.576409816741943
7717,6.523275852203369
7718,6.500592231750488
7719,6.509302139282227
7720,6.7566962242126465
7721,7.113860607147217
7722,7.542144775390625
7723,7.444674015045166
7724,7.403388500213623
7725,7.3940019607543945
7726,7.3347249031066895
7727,7.066648960113525
7728,6.916299343109131
7729,6.534407138824463
7730,6.128443241119385
7731,5.7401275634765625
7732,5.482756614685059
7733,5.666617393493652
7734,6.457717418670654
7735,7.050963878631592
7736,7.458739280700684
7737,6.818955898284912
7738,6.422138214111328
7739,6.43040657043457
7740,6.487834930419922
7741,6.469795227050781
7742,6.497548580169678
7743,6.507646083831787
7744,6.733062744140625
7745,7.117711544036865
7746,7.69197940826416
7747,7.475179195404053
7748,7.411163806915283
7749,7.487209796905518
7750,7.313684940338135
7751,6.997039318084717
7752,6.881875038146973
7753,6.53632926940918
7754,6.140130043029785
7755,5.71003532409668
7756,5.3226318359375
7757,5.012186050415039
7758,5.132094860076904
7759,5.141149997711182
7760,7.109354019165039
7761,6.611295223236084
7762,6.511312007904053
7763,6.4109416007995605
7764,6.646650314331055
7765,6.838469982147217
7766,6.858501434326172
7767,6.979865550994873
7768,7.10480260848999
7769,7.481447696685791
7770,7.952873229980469
7771,7.7010321617126465
7772,7.485517978668213
7773,7.448532581329346
7774,7.289353370666504
7775,6.90744161605835
7776,6.939602851867676
7777,6.637984275817871
7778,6.2689008712768555
7779,5.857614994049072
7780,5.4412922859191895
7781,5.578670501708984
7782,6.300747871398926
7783,6.98168420791626
7784,7.464611053466797
7785,6.866387367248535
7786,6.509617328643799
7787,6.50960636138916
7788,6.504509925842285
7789,6.49163293838501
7790,6.494009494781494
7791,6.549073219299316
7792,6.800538539886475
7793,7.139314651489258
7794,7.674127101898193
7795,7.4761457443237305
7796,7.43076229095459
7797,7.433152198791504
7798,7.42417573928833
7799,7.0660481452941895
7800,6.768388271331787
7801,6.4548659324646
7802,6.036859512329102
7803,5.649921894073486
7804,5.350680351257324
7805,5.67690896987915
7806,6.219173431396484
7807,6.70770788192749
7808,7.425978660583496
7809,6.808615207672119
7810,6.539393424987793
7811,6.631087303161621
7812,6.5878214836120605
7813,6.630490779876709
7814,6.574614524841309
7815,6.651400566101074
7816,6.882871150970459
7817,7.3496012687683105
7818,7.871035575866699
7819,7.69228982925415
7820,7.142829895019531
7821,6.985533237457275
7822,6.294957637786865
7823,6.2612481117248535
7824,6.283336639404297
7825,5.949151039123535
7826,5.350452423095703
7827,5.221444606781006
7828,4.916746616363525
7829,5.284719467163086
7830,5.435492992401123
7831,6.320745468139648
7832,6.8894219398498535
7833,6.670135498046875
7834,6.546730041503906
7835,6.552806377410889
7836,6.5409836769104
7837,6.674197196960449
7838,5.051511287689209
7839,4.985860347747803
7840,6.2604804039001465
7841,6.5520782470703125
7842,4.987889766693115
7843,6.419796943664551
7844,6.817549228668213
7845,7.334942817687988
7846,7.245595455169678
7847,6.917389392852783
7848,6.940812587738037
7849,6.873255252838135
7850,6.493150234222412
7851,6.105053901672363
7852,5.696269512176514
7853,5.500877857208252
7854,5.880922794342041
7855,6.3285980224609375
7856,6.802557945251465
7857,6.534219264984131
7858,6.601683139801025
7859,6.798793315887451
7860,6.909158706665039
7861,7.098742961883545
7862,7.146810054779053
7863,7.237237453460693
7864,7.400503635406494
7865,7.446463108062744
7866,7.593743801116943
7867,7.4145002365112305
7868,7.395937442779541
7869,7.290280342102051
7870,7.156871318817139
7871,6.893472194671631
7872,6.704240798950195
7873,6.53336763381958
7874,6.327720642089844
7875,5.955427646636963
7876,5.644390106201172
7877,5.262088298797607
7878,5.558129787445068
7879,5.6831955909729
7880,6.493688106536865
7881,6.469192028045654
7882,6.605917930603027
7883,6.7682390213012695
7884,7.030327320098877
7885,7.045135498046875
7886,6.428565502166748
7887,6.699026107788086
7888,6.482043266296387
7889,6.883081436157227
7890,7.0381340980529785
7891,7.49551248550415
7892,7.50590181350708
7893,7.507405757904053
7894,5.777250289916992
7895,5.722386360168457
7896,5.353452205657959
7897,4.439361572265625
7898,3.843994617462158
7899,3.5722827911376953
7900,3.316445827484131
7901,3.546515464782715
7902,3.7662153244018555
7903,3.9284582138061523
7904,4.234737396240234
7905,4.153285026550293
7906,3.912383794784546
7907,3.9465315341949463
7908,4.226524829864502
7909,4.507779598236084
7910,5.200982093811035
7911,5.998433589935303
7912,6.093389511108398
7913,7.090677738189697
7914,7.542006969451904
7915,7.433906078338623
7916,7.077046871185303
7917,7.089444160461426
7918,6.995272636413574
7919,6.7296271324157715
7920,6.747323989868164
7921,6.2666215896606445
7922,6.226091384887695
7923,5.745573043823242
7924,5.251814842224121
7925,5.476077079772949
7926,6.222310543060303
7927,7.015651702880859
7928,7.607694625854492
7929,6.886898517608643
7930,6.561790943145752
7931,6.576292514801025
7932,5.374765872955322
7933,3.936279773712158
7934,3.936279773712158
7935,4.062823295593262
7936,4.058589935302734
7937,4.1089396476745605
7938,4.024219036102295
7939,3.918264865875244
7940,3.918264865875244
7941,3.904406785964966
7942,4.004021167755127
7943,3.9108614921569824
7944,4.710742950439453
7945,4.692577838897705
7946,5.424094200134277
7947,5.784445285797119
7948,5.482459545135498
7949,5.506475448608398
7950,6.144838333129883
7951,6.767876148223877
7952,7.427206516265869
7953,6.856719493865967
7954,6.485218524932861
7955,6.495303630828857
7956,6.526636600494385
7957,6.584688186645508
7958,6.570587635040283
7959,6.596033096313477
7960,6.867143154144287
7961,5.263876914978027
7962,4.722130298614502
7963,4.13391637802124
7964,4.13391637802124
7965,4.120058059692383
7966,4.120058059692383
7967,4.539345741271973
7968,5.4679107666015625
7969,5.303216934204102
7970,4.479024410247803
7971,4.2633748054504395
7972,4.701492786407471
7973,4.772604465484619
7974,5.633175373077393
7975,5.849068641662598
7976,6.582456588745117
7977,6.342487812042236
7978,6.40071439743042
7979,6.451265811920166
7980,6.532249450683594
7981,6.810632228851318
7982,6.796259880065918
7983,6.843128204345703
7984,7.010910511016846
7985,7.216619491577148
7986,7.8130316734313965
7987,6.877212047576904
7988,7.237617015838623
7989,7.204509258270264
7990,7.3176655769348145
7991,6.962138652801514
7992,6.957430839538574
7993,6.675098896026611
7994,6.286916255950928
7995,5.859559535980225
7996,5.495082855224609
7997,5.667844295501709
7998,6.484226703643799
7999,7.1793365478515625
8000,7.2196526527404785
8001,6.926339149475098
8002,6.77769660949707
8003,6.855888843536377
8004,6.914700984954834
8005,6.966856002807617
8006,6.966506481170654
8007,6.9490509033203125
8008,7.213805198669434
8009,7.60524320602417
8010,8.006768226623535
8011,7.621250152587891
8012,7.354965686798096
8013,7.363303184509277
8014,7.2123260498046875
8015,6.939272403717041
8016,6.789809226989746
8017,6.448641777038574
8018,6.193458557128906
8019,4.91011381149292
8020,3.8796679973602295
8021,4.355186939239502
8022,3.9843924045562744
8023,4.013571739196777
8024,3.7279701232910156
8025,3.751417875289917
8026,3.8791654109954834
8027,4.778223991394043
8028,5.117555618286133
8029,6.1871418952941895
8030,6.102346420288086
8031,6.5667243003845215
8032,6.80366849899292
8033,7.368161678314209
8034,7.749598026275635
8035,7.472178936004639
8036,7.329728603363037
8037,7.2817840576171875
8038,7.215204238891602
8039,6.984299659729004
8040,6.944028377532959
8041,6.843227386474609
8042,6.511876106262207
8043,6.094189643859863
8044,5.7671990394592285
8045,3.75777006149292
8046,4.162339687347412
8047,4.059464931488037
8048,6.671422481536865
8049,6.595911979675293
8050,6.737088680267334
8051,6.954669952392578
8052,7.125931262969971
8053,7.354342937469482
8054,7.375667095184326
8055,7.461686611175537
8056,7.547361373901367
8057,7.618231773376465
8058,7.703745365142822
8059,7.567483901977539
8060,7.398265361785889
8061,7.375570297241211
8062,7.2855305671691895
8063,6.984016418457031
8064,6.539959907531738
8065,6.356414794921875
8066,6.142785549163818
8067,5.762932300567627
8068,5.285447120666504
8069,4.931954860687256
8070,5.351709842681885
8071,5.858042240142822
8072,6.473323822021484
8073,6.589162826538086
8074,6.691601753234863
8075,6.829419136047363
8076,7.0524582862854
8077,7.242143154144287
8078,7.312203407287598
8079,7.467686653137207
8080,7.636902332305908
8081,7.700651168823242
8082,7.661377429962158
8083,7.567545413970947
8084,7.503825664520264
8085,7.480240345001221
8086,7.377965927124023
8087,7.082746505737305
8088,6.658977031707764
8089,5.974315166473389
8090,5.673865795135498
8091,5.2520976066589355
8092,4.904986381530762
8093,5.357334613800049
8094,6.252138137817383
8095,7.022707462310791
8096,7.413949966430664
8097,7.187192916870117
8098,6.9204421043396
8099,7.066469669342041
8100,7.1186017990112305
8101,7.17558479309082
8102,7.199865341186523
8103,7.242455959320068
8104,7.399653911590576
8105,7.5944366455078125
8106,7.921145439147949
8107,7.726590633392334
8108,7.550107002258301
8109,7.489322662353516
8110,7.4196953773498535
8111,7.115813732147217
8112,6.777493953704834
8113,6.23286771774292
8114,6.053683280944824
8115,5.591359615325928
8116,5.173242568969727
8117,5.342989444732666
8118,6.392332553863525
8119,7.182507514953613
8120,7.57446813583374
8121,6.988525390625
8122,6.889953136444092
8123,7.05409574508667
8124,7.166782379150391
8125,7.208645820617676
8126,7.227571964263916
8127,7.321351051330566
8128,7.478375434875488
8129,7.705519676208496
8130,8.118304252624512
8131,7.772062301635742
8132,7.557923316955566
8133,7.561154842376709
8134,7.417680263519287
8135,7.094702243804932
8136,6.794543266296387
8137,6.2213664054870605
8138,6.078761577606201
8139,5.676639556884766
8140,5.3559980392456055
8141,5.439546585083008
8142,6.294816493988037
8143,7.105117321014404
8144,7.577572822570801
8145,7.086945056915283
8146,6.881083965301514
8147,7.010302543640137
8148,7.179239749908447
8149,7.183719635009766
8150,7.196587085723877
8151,7.263411521911621
8152,7.439233303070068
8153,7.65578031539917
8154,8.027864456176758
8155,7.706521511077881
8156,7.5194172859191895
8157,7.441926956176758
8158,7.334080696105957
8159,6.989014625549316
8160,6.634427547454834
8161,6.126758098602295
8162,5.946624755859375
8163,5.587618350982666
8164,5.2510457038879395
8165,5.289792060852051
8166,6.2726216316223145
8167,7.023332595825195
8168,7.3213605880737305
8169,7.043600082397461
8170,6.847968578338623
8171,6.962813854217529
8172,7.109209060668945
8173,7.129938125610352
8174,7.155663967132568
8175,7.255838871002197
8176,7.410373687744141
8177,7.644754886627197
8178,8.027864456176758
8179,7.703483581542969
8180,7.468434810638428
8181,7.452054500579834
8182,7.344208240509033
8183,7.001467704772949
8184,6.702731132507324
8185,6.199447154998779
8186,6.035712242126465
8187,5.704954147338867
8188,5.32918119430542
8189,5.353353023529053
8190,6.2513322830200195
8191,6.957420349121094
8192,7.319937705993652
8193,6.959149360656738
8194,6.774494647979736
8195,6.792773246765137
8196,6.996806621551514
8197,7.047621726989746
8198,7.049288749694824
8199,7.195605278015137
8200,7.4606523513793945
8201,7.643137454986572
8202,7.931017875671387
8203,7.593626022338867
8204,7.371402740478516
8205,7.366196632385254
8206,7.2610650062561035
8207,6.975451946258545
8208,6.7938714027404785
8209,6.557830810546875
8210,6.36268949508667
8211,6.009201526641846
8212,5.56842565536499
8213,5.160375595092773
8214,5.53161096572876
8215,6.228949069976807
8216,6.718015193939209
8217,6.737112998962402
8218,6.829710006713867
8219,6.994903087615967
8220,7.122068405151367
8221,7.327566146850586
8222,7.299868106842041
8223,7.440492153167725
8224,7.568238735198975
8225,7.612746715545654
8226,7.748130798339844
8227,7.6006855964660645
8228,7.526920795440674
8229,7.4249677658081055
8230,7.278323173522949
8231,7.01936674118042
8232,6.598217964172363
8233,6.380858898162842
8234,6.139334201812744
8235,5.787107467651367
8236,5.260582447052002
8237,4.8837127685546875
8238,5.202971935272217
8239,5.774294376373291
8240,6.7317352294921875
8241,6.633822917938232
8242,6.676658630371094
8243,6.758565425872803
8244,7.033915042877197
8245,7.2725701332092285
8246,7.334910869598389
8247,7.442319869995117
8248,7.582957744598389
8249,7.657506465911865
8250,7.7051100730896
8251,7.457153797149658
8252,7.23947286605835
8253,7.256943225860596
8254,7.199121952056885
8255,6.934604644775391
8256,6.599456787109375
8257,6.378306865692139
8258,6.168867111206055
8259,5.804486274719238
8260,5.182127952575684
8261,4.857581615447998
8262,4.9755401611328125
8263,5.747941970825195
8264,6.243372917175293
8265,6.53043270111084
8266,6.755956172943115
8267,6.883609294891357
8268,7.195531845092773
8269,7.332747936248779
8270,7.379996299743652
8271,7.4226813316345215
8272,7.6067681312561035
8273,7.643980503082275
8274,7.3533935546875
8275,7.282153129577637
8276,7.121682167053223
8277,7.166465759277344
8278,7.069693565368652
8279,6.6359686851501465
8280,6.603789806365967
8281,5.965704917907715
8282,5.648576259613037
8283,5.23794412612915
8284,4.925656795501709
8285,5.385407447814941
8286,6.39934778213501
8287,7.047056674957275
8288,7.398168563842773
8289,7.100546360015869
8290,6.8307204246521
8291,6.957186222076416
8292,7.115043640136719
8293,7.109359264373779
8294,7.162839412689209
8295,7.192370414733887
8296,7.300271511077881
8297,7.485126495361328
8298,7.900583267211914
8299,7.6224470138549805
8300,7.476971626281738
8301,7.310525417327881
8302,7.248345851898193
8303,6.946537017822266
8304,6.737977504730225
8305,6.238643169403076
8306,5.950286388397217
8307,5.489180088043213
8308,5.1054205894470215
8309,5.333523273468018
8310,6.601275444030762
8311,7.1118083000183105
8312,7.5586347579956055
8313,6.966059684753418
8314,6.757883071899414
8315,6.730102062225342
8316,3.6626620292663574
8317,5.699419975280762
8318,5.871523857116699
8319,6.794467449188232
8320,6.940430164337158
8321,7.395132541656494
8322,7.679930686950684
8323,7.4012274742126465
8324,7.263901233673096
8325,7.2428765296936035
8326,7.141087532043457
8327,6.803498268127441
8328,6.570522785186768
8329,6.203213214874268
8330,5.840440273284912
8331,5.553905010223389
8332,5.19251823425293
8333,5.070433139801025
8334,5.976329326629639
8335,6.99899959564209
8336,7.37909460067749
8337,6.889671325683594
8338,6.785738468170166
8339,6.777355194091797
8340,6.974630355834961
8341,7.006791114807129
8342,7.0013275146484375
8343,7.14672327041626
8344,7.3528361320495605
8345,7.58718204498291
8346,7.76992130279541
8347,7.467663764953613
8348,7.316627502441406
8349,7.2418928146362305
8350,7.06337308883667
8351,6.793099403381348
8352,6.54478645324707
8353,6.119788646697998
8354,5.879454135894775
8355,5.521341323852539
8356,5.036818027496338
8357,5.120457649230957
8358,6.091618537902832
8359,7.00824499130249
8360,7.518065452575684
8361,7.010946273803711
8362,6.731314659118652
8363,6.873950481414795
8364,7.063689231872559
8365,7.080814838409424
8366,7.101625442504883
8367,7.1995391845703125
8368,7.356563568115234
8369,7.576452732086182
8370,7.951138973236084
8371,7.608992099761963
8372,7.419327259063721
8373,7.376076698303223
8374,7.177735805511475
8375,6.920566082000732
8376,6.682952404022217
8377,6.248688697814941
8378,6.093015670776367
8379,5.685911178588867
8380,5.349757671356201
8381,5.428605556488037
8382,6.384007453918457
8383,7.107851505279541
8384,6.319300651550293
8385,5.4133758544921875
8386,6.1015214920043945
8387,4.829601764678955
8388,4.075015544891357
8389,4.478757381439209
8390,3.227684736251831
8391,4.232745170593262
8392,5.730268478393555
8393,6.59824800491333
8394,7.552277565002441
8395,7.359729290008545
8396,7.278225421905518
8397,7.107250690460205
8398,7.070981025695801
8399,6.898154258728027
8400,6.759657382965088
8401,6.632992267608643
8402,6.303157806396484
8403,6.0813775062561035
8404,5.473202705383301
8405,5.045333385467529
8406,5.6235527992248535
8407,6.322367191314697
8408,6.6271653175354
8409,6.63871955871582
8410,6.7378058433532715
8411,6.812732696533203
8412,6.918695449829102
8413,6.938538551330566
8414,6.944052219390869
8415,7.095329761505127
8416,7.03755521774292
8417,7.089433670043945
8418,7.112339973449707
8419,6.8770670890808105
8420,6.854197025299072
8421,6.809009552001953
8422,6.751128673553467
8423,6.444594860076904
8424,6.209132194519043
8425,6.264976978302002
8426,5.908003807067871
8427,5.643102645874023
8428,5.225643157958984
8429,4.873629570007324
8430,3.3776230812072754
8431,4.553339004516602
8432,5.183873653411865
8433,4.740683078765869
8434,5.557981014251709
8435,5.5403876304626465
8436,6.553492546081543
8437,6.786428451538086
8438,6.781710147857666
8439,6.815886974334717
8440,6.890203952789307
8441,4.815446853637695
8442,5.257312774658203
8443,5.549279689788818
8444,6.592977046966553
8445,6.609600067138672
8446,6.517682075500488
8447,6.270018577575684
8448,6.021466255187988
8449,5.667815685272217
8450,5.159720420837402
8451,5.0235676765441895
8452,4.835656642913818
8453,5.162080764770508
8454,5.993547439575195
8455,6.851136684417725
8456,7.289015769958496
8457,7.0193071365356445
8458,6.709227561950684
8459,6.822324752807617
8460,6.857741355895996
8461,6.844806671142578
8462,6.891436576843262
8463,6.831366062164307
8464,6.921225547790527
8465,7.1356520652771
8466,7.434270858764648
8467,7.197762966156006
8468,7.0826897621154785
8469,7.020666599273682
8470,6.971696853637695
8471,6.602097034454346
8472,6.058862686157227
8473,5.884830951690674
8474,5.54951810836792
8475,5.110949516296387
8476,4.872949123382568
8477,5.057361125946045
8478,5.726800441741943
8479,6.736551284790039
8480,7.304880142211914
8481,6.957590103149414
8482,6.713006973266602
8483,6.747237205505371
8484,6.757115364074707
8485,6.8213701248168945
8486,6.82603120803833
8487,6.869971752166748
8488,6.92453145980835
8489,7.1243977546691895
8490,7.411764621734619
8491,7.211223602294922
8492,7.049586772918701
8493,7.026023864746094
8494,7.02475118637085
8495,6.696671485900879
8496,6.304500579833984
8497,6.205192565917969
8498,5.871725082397461
8499,5.486432075500488
8500,5.073015213012695
8501,5.083385467529297
8502,6.153897285461426
8503,6.878535270690918
8504,7.37950325012207
8505,6.961174011230469
8506,6.686118125915527
8507,6.753174304962158
8508,6.769646644592285
8509,6.938990592956543
8510,6.990100383758545
8511,7.054945468902588
8512,7.091878414154053
8513,7.1961870193481445
8514,7.4913811683654785
8515,7.203133583068848
8516,7.003345489501953
8517,6.9625725746154785
8518,6.942595481872559
8519,6.645637512207031
8520,5.671175956726074
8521,5.677575588226318
8522,5.249102592468262
8523,4.42167854309082
8524,4.501698017120361
8525,4.621546268463135
8526,5.822268962860107
8527,6.632415771484375
8528,7.063406467437744
8529,6.519107818603516
8530,6.2129597663879395
8531,6.2945990562438965
8532,6.320915222167969
8533,6.352901458740234
8534,6.3813605308532715
8535,6.40909481048584
8536,6.40909481048584
8537,6.53369665145874
8538,6.947423934936523
8539,6.76393985748291
8540,6.611569404602051
8541,6.525007247924805
8542,6.4666266441345215
8543,6.174087047576904
8544,5.929015159606934
8545,5.856805324554443
8546,5.4317216873168945
8547,5.130403995513916
8548,4.7849225997924805
8549,4.8211565017700195
8550,5.534797191619873
8551,6.438964366912842
8552,6.808535575866699
8553,6.501687049865723
8554,6.178287506103516
8555,6.3300347328186035
8556,6.340081691741943
8557,6.385060787200928
8558,6.404400825500488
8559,6.450368881225586
8560,6.466785907745361
8561,6.604682445526123
8562,6.918592929840088
8563,6.699429512023926
8564,6.543853759765625
8565,6.466167449951172
8566,6.325936317443848
8567,6.042845249176025
8568,5.759876251220703
8569,5.711329936981201
8570,5.461307048797607
8571,5.1350579261779785
8572,4.833712100982666
8573,4.860488414764404
8574,5.381424903869629
8575,6.2906413078308105
8576,6.9087018966674805
8577,6.447022914886475
8578,6.136194229125977
8579,6.233779430389404
8580,6.31305456161499
8581,6.367583274841309
8582,6.382383823394775
8583,6.474577903747559
8584,6.526886463165283
8585,6.723935127258301
8586,6.945277214050293
8587,6.770688533782959
8588,6.51747989654541
8589,6.502668857574463
8590,6.4370036125183105
8591,6.185853004455566
8592,6.0054731369018555
8593,6.112722873687744
8594,5.847606658935547
8595,5.4624128341674805
8596,5.027895450592041
8597,4.731011390686035
8598,5.3438920974731445
8599,5.70680046081543
8600,6.188535690307617
8601,4.367835521697998
8602,4.854814529418945
8603,4.8538360595703125
8604,4.9233598709106445
8605,5.315436840057373
8606,5.32603645324707
8607,6.483521461486816
8608,6.370945453643799
8609,6.501574516296387
8610,6.485776901245117
8611,6.13796329498291
8612,6.208920001983643
8613,6.1305460929870605
8614,6.112254619598389
8615,5.955109596252441
8616,5.7727437019348145
8617,5.896830081939697
8618,5.587685585021973
8619,5.253731727600098
8620,5.0111308097839355
8621,4.449326992034912
8622,4.378520488739014
8623,5.215899467468262
8624,5.927842617034912
8625,5.9232683181762695
8626,6.086615562438965
8627,6.233978271484375
8628,6.464819431304932
8629,6.511697769165039
8630,6.56803035736084
8631,6.4992289543151855
8632,6.370128631591797
8633,6.458311557769775
8634,6.352981090545654
8635,6.282663822174072
8636,6.28162145614624
8637,6.279636859893799
8638,6.176903247833252
8639,6.000213146209717
8640,5.769108772277832
8641,5.411461353302002
8642,5.105848789215088
8643,4.779219150543213
8644,4.638067722320557
8645,4.9966912269592285
8646,5.43885612487793
8647,6.420440196990967
8648,6.781536102294922
8649,6.531078338623047
8650,6.301994800567627
8651,6.3492913246154785
8652,6.416354656219482
8653,6.619107246398926
8654,6.79650354385376
8655,6.745079040527344
8656,6.896934986114502
8657,6.951082706451416
8658,6.965185165405273
8659,6.7231855392456055
8660,6.658649444580078
8661,6.6533613204956055
8662,6.600711345672607
8663,6.312395095825195
8664,6.12393856048584
8665,5.863464832305908
8666,5.577734470367432
8667,5.292261600494385
8668,4.66800594329834
8669,5.1242170333862305
8670,5.820927143096924
8671,6.4470696449279785
8672,7.051605224609375
8673,6.615269184112549
8674,6.273536682128906
8675,6.244938850402832
8676,6.276501655578613
8677,6.4920735359191895
8678,6.47084903717041
8679,6.619927883148193
8680,6.599987506866455
8681,6.858394622802734
8682,7.210109710693359
8683,6.891459941864014
8684,6.718361854553223
8685,6.649477481842041
8686,6.626568794250488
8687,6.257011413574219
8688,6.195801734924316
8689,6.003085613250732
8690,5.636987686157227
8691,5.346673488616943
8692,4.950376033782959
8693,4.74874210357666
8694,5.587439060211182
8695,6.459957122802734
8696,6.906328201293945
8697,6.4734416007995605
8698,6.16846227645874
8699,6.32930850982666
8700,6.310779094696045
8701,6.422121047973633
8702,6.528702735900879
8703,6.574151992797852
8704,6.4939374923706055
8705,6.641942024230957
8706,7.014039993286133
8707,6.775013446807861
8708,6.6159539222717285
8709,6.524792671203613
8710,6.485350608825684
8711,6.203975677490234
8712,5.8813395500183105
8713,5.702169895172119
8714,5.561914920806885
8715,5.121707439422607
8716,4.806149005889893
8717,4.846011161804199
8718,5.513175010681152
8719,6.45796012878418
8720,7.02290153503418
8721,6.512185573577881
8722,6.1858649253845215
8723,6.338570594787598
8724,6.352128028869629
8725,6.3749799728393555
8726,6.398281097412109
8727,6.468378067016602
8728,6.461853981018066
8729,6.622128009796143
8730,6.931385517120361
8731,6.771321773529053
8732,6.523950576782227
8733,6.522139549255371
8734,6.438843727111816
8735,6.111677646636963
8736,5.82125997543335
8737,5.789041519165039
8738,5.536159038543701
8739,5.183419227600098
8740,4.851032733917236
8741,4.939996242523193
8742,5.599006175994873
8743,6.360180377960205
8744,6.972861289978027
8745,6.6168012619018555
8746,6.208146572113037
8747,6.305227279663086
8748,6.323497295379639
8749,6.29957914352417
8750,6.3392534255981445
8751,6.439619064331055
8752,6.4979248046875
8753,6.743297576904297
8754,7.042978286743164
8755,6.742398262023926
8756,6.545468330383301
8757,6.4636149406433105
8758,6.414865970611572
8759,6.08524227142334
